post_id,upvote_ratio_new
thing_t3_1pzwt5k,100
thing_t3_1pyzmwh,88
thing_t3_1pytfq7,87
thing_t3_1pye3el,93
thing_t3_1pyct4y,91
thing_t3_1pwsmg9,81
thing_t3_1pwysz9,70
thing_t3_1puabxx,97
thing_t3_1pu71am,89
thing_t3_1pu8h8d,93
thing_t3_1ptq71x,98
thing_t3_1puve3n,35
thing_t3_1ptlund,94
thing_t3_1ptr5zo,72
thing_t3_1pt93dh,94
thing_t3_1ptpoe1,71
thing_t3_1puckhr,33
thing_t3_1pt2sd8,94
thing_t3_1psfidt,82
thing_t3_1psxmkf,100
thing_t3_1prjnrs,100
thing_t3_1prs5fg,98
thing_t3_1prh1um,85
thing_t3_1ppk6zj,98
thing_t3_1pqnkmy,45
thing_t3_1pp9qk2,91
thing_t3_1ppgky6,93
thing_t3_1pppvq7,46
thing_t3_1pono4t,90
thing_t3_1poppb8,92
thing_t3_1poadoi,92
thing_t3_1po3sqq,96
thing_t3_1po2tmr,73
thing_t3_1pockw2,71
thing_t3_1pndj6d,97
thing_t3_1pmmcwf,93
thing_t3_1pmp2zn,40
thing_t3_1plp7xo,38
thing_t3_1pj7yir,97
thing_t3_1pj7su0,93
thing_t3_1pjh3mg,78
thing_t3_1pkfs40,17
thing_t3_1pj24c4,99
thing_t3_1pj5c8j,85
thing_t3_1pjg4ul,67
thing_t3_1phdam2,83
thing_t3_1phxhi0,30
thing_t3_1phgszw,40
thing_t3_1ph09wx,67
thing_t3_1pg2x2x,94
thing_t3_1pg759t,86
thing_t3_1pfwfn6,81
thing_t3_1pfrp0c,86
thing_t3_1pfgmpl,82
thing_t3_1pff4c3,94
thing_t3_1pf4qfx,96
thing_t3_1pf76fo,95
thing_t3_1pfezpe,67
thing_t3_1pcdinm,91
thing_t3_1pe0a8r,79
thing_t3_1peq0ep,47
thing_t3_1pdws8l,82
thing_t3_1pda453,89
thing_t3_1pd17ar,91
thing_t3_1pcm88c,83
thing_t3_1pcdzav,17
thing_t3_1pcfzp7,50
thing_t3_1pbpnmz,100
thing_t3_1pbjrp6,97
thing_t3_1pbi7a6,58
thing_t3_1pbhcar,44
thing_t3_1pandlg,85
thing_t3_1p9wal3,94
thing_t3_1p9f29u,95
thing_t3_1pag2q3,44
thing_t3_1p9rwhf,86
thing_t3_1pa4tyg,70
thing_t3_1p8pwnc,88
thing_t3_1p9a4sh,56
thing_t3_1p7y708,89
thing_t3_1p8q2o9,75
thing_t3_1p83xbo,79
thing_t3_1p7je8p,80
thing_t3_1p77ms5,97
thing_t3_1p7eh5l,72
thing_t3_1p7c7cc,50
thing_t3_1p6eawa,95
thing_t3_1p6hm17,50
thing_t3_1p5tcrr,90
thing_t3_1p63hui,94
thing_t3_1p5mmx2,63
thing_t3_1p4v7hg,89
thing_t3_1p448m8,77
thing_t3_1p33sdy,97
thing_t3_1p3653q,96
thing_t3_1p2wvhr,93
thing_t3_1p3683t,84
thing_t3_1p2u2p8,92
thing_t3_1p1zghy,95
thing_t3_1p1dklk,80
thing_t3_1p0w4sd,93
thing_t3_1p0ekt8,97
thing_t3_1p0ef0g,88
thing_t3_1p0g6eb,82
thing_t3_1ozqvug,96
thing_t3_1ozqb09,94
thing_t3_1ozbt44,94
thing_t3_1oyyt5p,96
thing_t3_1oylljh,95
thing_t3_1p04fao,41
thing_t3_1owgwg9,94
thing_t3_1ovzhy2,95
thing_t3_1ow6bu4,90
thing_t3_1ovx7sk,91
thing_t3_1ovzcfw,75
thing_t3_1ovf9k2,69
thing_t3_1ow61lf,40
thing_t3_1oup4qu,92
thing_t3_1oud8cn,82
thing_t3_1oudx0d,90
thing_t3_1ov3nga,8
thing_t3_1oti1kt,97
thing_t3_1otjbp1,91
thing_t3_1orws4r,97
thing_t3_1orp0yj,94
thing_t3_1orxjwe,91
thing_t3_1orgbpc,96
thing_t3_1orn97a,88
thing_t3_1oq17tl,95
thing_t3_1ophd6b,97
thing_t3_1opmsda,96
thing_t3_1oos8nq,90
thing_t3_1opxs1q,19
thing_t3_1op88dm,63
thing_t3_1ooqjjo,74
thing_t3_1onlngr,97
thing_t3_1on8llk,89
thing_t3_1ommxv4,91
thing_t3_1om9zgm,78
thing_t3_1olmp53,78
thing_t3_1om9czc,67
thing_t3_1oldbf4,79
thing_t3_1oku793,79
thing_t3_1olre1y,19
thing_t3_1okvmiz,82
thing_t3_1okvrvh,100
thing_t3_1ok1gyf,87
thing_t3_1ojy88b,86
thing_t3_1okr4zh,36
thing_t3_1oje977,93
thing_t3_1okoiyw,32
thing_t3_1oj9qua,80
thing_t3_1oigf8k,95
thing_t3_1oirqlb,81
thing_t3_1oicuu9,82
thing_t3_1ojb3u5,42
thing_t3_1oiaj5d,84
thing_t3_1ohflw3,93
thing_t3_1ohsucs,96
thing_t3_1ohp04q,75
thing_t3_1ogwru2,97
thing_t3_1of2sfs,93
thing_t3_1oehj29,82
thing_t3_1od5zca,94
thing_t3_1ode6j8,81
thing_t3_1ocenxj,97
thing_t3_1obvzq9,94
thing_t3_1obr0ve,97
thing_t3_1obn0tc,86
thing_t3_1oc8xij,26
thing_t3_1obad7k,85
thing_t3_1oa93fw,96
thing_t3_1oana21,89
thing_t3_1oa6dn1,91
thing_t3_1o9urrk,85
thing_t3_1o93utr,95
thing_t3_1o8ipwa,87
thing_t3_1o8p6f0,71
thing_t3_1o8bkbt,90
thing_t3_1o7a0rk,93
thing_t3_1o6f3l8,87
thing_t3_1o5nvkp,95
thing_t3_1o64n48,82
thing_t3_1o68gf8,81
thing_t3_1o6tquy,27
thing_t3_1o5l0g8,82
thing_t3_1o5n86i,85
thing_t3_1o5pg14,65
thing_t3_1o2nf09,85
thing_t3_1o1e04z,90
thing_t3_1o0eed8,99
thing_t3_1nzfr4k,85
thing_t3_1nyp1uw,72
thing_t3_1nxrrcw,94
thing_t3_1nxqln5,76
thing_t3_1nwh00i,82
thing_t3_1nvduc2,82
thing_t3_1nv0lfh,89
thing_t3_1nucvgd,93
thing_t3_1nurfk1,100
thing_t3_1ntmrix,84
thing_t3_1nv6wv8,9
thing_t3_1ntlgy5,89
thing_t3_1nt8wl0,78
thing_t3_1nt6q59,96
thing_t3_1nso6sy,92
thing_t3_1nsxpad,33
thing_t3_1nrtluz,93
thing_t3_1nri84g,90
thing_t3_1nrla6h,91
thing_t3_1ns18vu,33
thing_t3_1nq8hi5,92
thing_t3_1npq7ty,97
thing_t3_1nqwcip,20
thing_t3_1nphgwl,95
thing_t3_1nq1bj4,67
thing_t3_1nnvss1,96
thing_t3_1npfecr,39
thing_t3_1no5b1j,91
thing_t3_1nnsvq3,69
thing_t3_1nnfcwc,79
thing_t3_1nncgka,85
thing_t3_1nnqb2c,44
thing_t3_1nl92og,83
thing_t3_1nl4jtx,95
thing_t3_1nl4oi1,95
thing_t3_1nlldi9,66
thing_t3_1njp4vy,89
thing_t3_1njcvfv,81
thing_t3_1nj55qy,87
thing_t3_1nj9mu5,100
thing_t3_1nioq77,62
thing_t3_1niop8o,60
thing_t3_1nhzoam,86
thing_t3_1nhskvc,91
thing_t3_1nhy9qb,64
thing_t3_1nhoblg,89
thing_t3_1ngj3v5,91
thing_t3_1ng5x61,92
thing_t3_1nfzxy9,84
thing_t3_1ng1xk3,35
thing_t3_1ne9hzv,95
thing_t3_1negm5l,81
thing_t3_1nenrg8,100
thing_t3_1neack3,85
thing_t3_1ne37bs,75
thing_t3_1nd6p8o,78
thing_t3_1nd946a,38
thing_t3_1ncmcgf,95
thing_t3_1nc93qq,90
thing_t3_1nbxzs0,90
thing_t3_1n9yrfy,95
thing_t3_1n84pfn,100
thing_t3_1na6x3q,74
thing_t3_1nac35j,67
thing_t3_1n8z37l,90
thing_t3_1n8lhdx,94
thing_t3_1n88v2y,90
thing_t3_1n8a1do,90
thing_t3_1n81chu,88
thing_t3_1n81hrr,75
thing_t3_1n83iok,25
thing_t3_1n7ops6,57
thing_t3_1n6so7m,98
thing_t3_1n70lcz,87
thing_t3_1n7zgzy,29
thing_t3_1n6ez8o,76
thing_t3_1n70y9a,50
thing_t3_1n6cug7,50
thing_t3_1n4n1qz,90
thing_t3_1n4rufc,76
thing_t3_1n4bamu,89
thing_t3_1n4ec3k,60
thing_t3_1n3jnpw,85
thing_t3_1n2s1v1,82
thing_t3_1n2s33v,82
thing_t3_1n2o7c1,73
thing_t3_1n1tk23,83
thing_t3_1n1zo5y,84
thing_t3_1n105of,98
thing_t3_1n28ukj,41
thing_t3_1n17500,88
thing_t3_1n191lg,88
thing_t3_1n035we,92
thing_t3_1n0ke01,71
thing_t3_1mzzzu7,94
thing_t3_1n0ep0g,67
thing_t3_1n0biew,78
thing_t3_1mzwdws,82
thing_t3_1mzxmx3,89
thing_t3_1mzlzsp,68
thing_t3_1mz2jgn,90
thing_t3_1mymb21,84
thing_t3_1mxrbck,97
thing_t3_1mxyprj,97
thing_t3_1mxpyef,77
thing_t3_1mxhji7,54
thing_t3_1mwchp8,71
thing_t3_1mu3c6j,99
thing_t3_1mumd4y,95
thing_t3_1mth4ru,73
thing_t3_1mtehzk,88
thing_t3_1msw56a,89
thing_t3_1mtmvuc,43
thing_t3_1mqlp7d,90
thing_t3_1mq737g,94
thing_t3_1mq4ai4,94
thing_t3_1mqfubv,100
thing_t3_1mq4sfp,98
thing_t3_1mpkk2n,89
thing_t3_1mpei2b,93
thing_t3_1mpa610,93
thing_t3_1mpp8sv,80
thing_t3_1mq78jd,40
thing_t3_1mo6ofm,67
thing_t3_1mnhsx7,90
thing_t3_1mnggxa,88
thing_t3_1mniapg,100
thing_t3_1mmzk4s,76
thing_t3_1mlmwk0,95
thing_t3_1mluc12,90
thing_t3_1mly9hm,93
thing_t3_1ml6fxs,90
thing_t3_1mkzhvp,90
thing_t3_1mkmjje,94
thing_t3_1mkdy7a,91
thing_t3_1mk7lpa,82
thing_t3_1mkov0u,31
thing_t3_1mix8g7,88
thing_t3_1mhikh4,96
thing_t3_1miresg,29
thing_t3_1miccmb,29
thing_t3_1mgsshu,94
thing_t3_1mgfcke,94
thing_t3_1mgxgpl,60
thing_t3_1mh97i5,50
thing_t3_1mgxbio,50
thing_t3_1mgrvsh,50
thing_t3_1mf44ek,91
thing_t3_1mets4m,100
thing_t3_1mem3t5,60
thing_t3_1me934o,61
thing_t3_1mdf6fn,94
thing_t3_1md5gvk,87
thing_t3_1mdaa40,92
thing_t3_1me91rq,24
thing_t3_1mdan3p,100
thing_t3_1mcngiy,93
thing_t3_1mcd3n5,98
thing_t3_1mc2zaz,97
thing_t3_1mby05c,83
thing_t3_1mbk933,96
thing_t3_1mb49xm,96
thing_t3_1mbqiix,77
thing_t3_1mbmnkz,66
thing_t3_1mc8w7g,31
thing_t3_1mbm4a0,89
thing_t3_1maxkht,80
thing_t3_1makoge,64
thing_t3_1mabzuf,53
thing_t3_1m9e3vg,96
thing_t3_1m8zjnq,81
thing_t3_1m8jaeh,97
thing_t3_1m8da2j,99
thing_t3_1m7z6un,97
thing_t3_1m7qbd9,89
thing_t3_1m7jbpk,83
thing_t3_1m7ftt7,93
thing_t3_1m70fk3,93
thing_t3_1m825ra,31
thing_t3_1m70hqg,86
thing_t3_1m6jx39,91
thing_t3_1m6h3f0,79
thing_t3_1m5nkwe,91
thing_t3_1m5xn63,77
thing_t3_1m5odiz,87
thing_t3_1m5m5pn,100
thing_t3_1m5i5dj,87
thing_t3_1m4d64h,96
thing_t3_1m45pmq,93
thing_t3_1m49rai,80
thing_t3_1m4rxwf,35
thing_t3_1m3gy6m,94
thing_t3_1m10uku,96
thing_t3_1m0wx9l,64
thing_t3_1m0b9f9,93
thing_t3_1lzx0la,94
thing_t3_1m0n4gn,100
thing_t3_1m0dxsm,81
thing_t3_1lzgfhq,97
thing_t3_1lzlrlu,96
,100
thing_t3_1m07jow,80
thing_t3_1lzkso0,100
thing_t3_1lywh35,81
thing_t3_1lyo2ac,97
thing_t3_1ly06nw,97
thing_t3_1lyciw1,62
thing_t3_1ly409f,26
thing_t3_1lvmphl,98
thing_t3_1lvn71u,75
thing_t3_1lux7bt,96
thing_t3_1lvoz88,72
thing_t3_1lvnda9,85
thing_t3_1lvl0wp,27
thing_t3_1lum3ih,70
thing_t3_1lu7gqq,97
thing_t3_1lu7fxv,84
thing_t3_1lu1cve,36
thing_t3_1lsjfj4,90
thing_t3_1lss1c5,89
thing_t3_1lsfyeo,90
thing_t3_1lt464v,47
thing_t3_1lrluwg,97
thing_t3_1lrojc3,80
thing_t3_1lsk0sd,22
thing_t3_1lqno9m,95
thing_t3_1lqn6pu,90
thing_t3_1lr8l54,47
thing_t3_1lq8shf,76
thing_t3_1lq4xgr,97
thing_t3_1lq79vo,88
thing_t3_1lq0v8p,82
thing_t3_1lpucaf,91
thing_t3_1lohjp4,99
thing_t3_1lpnkj0,60
thing_t3_1loo3eh,76
thing_t3_1lo4xao,84
thing_t3_1lntegl,97
thing_t3_1lmv5uf,96
thing_t3_1ln6aeq,89
thing_t3_1ln3zyk,96
thing_t3_1ln9cf0,91
thing_t3_1lmi8j8,86
thing_t3_1lmneo7,93
thing_t3_1lmxkq8,77
thing_t3_1lnbgna,47
thing_t3_1lluwlv,98
thing_t3_1lnct9i,25
thing_t3_1lmaxr4,84
thing_t3_1lmsf8b,72
thing_t3_1ln8f2b,32
thing_t3_1lm0dc9,68
thing_t3_1llnbwq,94
thing_t3_1ll5dv2,76
thing_t3_1ll7or7,93
thing_t3_1lliwit,80
thing_t3_1ll56bo,83
thing_t3_1lkjxmr,98
thing_t3_1lkpnkk,89
thing_t3_1lkfg6w,75
thing_t3_1ljsd1j,91
thing_t3_1ljg8dx,95
thing_t3_1ljiuzx,91
thing_t3_1ljp64t,86
thing_t3_1ljs8wq,78
thing_t3_1ljhuda,84
thing_t3_1lirxxw,96
thing_t3_1libni7,92
thing_t3_1lhuk01,97
thing_t3_1li6e4v,88
thing_t3_1lgvh62,95
thing_t3_1lhn1x9,85
thing_t3_1lgt6nn,92
thing_t3_1lg5mrg,93
thing_t3_1lgfmli,87
thing_t3_1lgdg9j,63
thing_t3_1lg4t92,90
thing_t3_1lggtm2,62
thing_t3_1lg5043,87
thing_t3_1lg60ju,100
thing_t3_1lfp3ge,100
thing_t3_1lfdkws,83
thing_t3_1lenpta,97
thing_t3_1leh4wm,95
thing_t3_1lewya2,95
thing_t3_1leyh9g,90
thing_t3_1le3whp,89
thing_t3_1ldqozx,95
thing_t3_1ld1nf6,98
thing_t3_1lcemw6,95
thing_t3_1ld06j0,69
thing_t3_1lcpzzw,92
thing_t3_1lccbgj,70
thing_t3_1lare33,96
thing_t3_1l9w0ln,98
thing_t3_1l9q78x,91
thing_t3_1l99bfz,96
thing_t3_1l8vdvk,91
thing_t3_1l8e4iq,97
thing_t3_1l8kf9h,88
thing_t3_1l8gmy0,88
thing_t3_1l89f9z,64
thing_t3_1l843cd,97
thing_t3_1l7cbkg,99
thing_t3_1l8xqgf,25
thing_t3_1l7knce,88
thing_t3_1l77blf,75
thing_t3_1l7spck,39
thing_t3_1l5t9af,93
thing_t3_1l5tiqg,91
thing_t3_1l6ac7v,36
thing_t3_1l51ufd,95
thing_t3_1l51gfr,84
thing_t3_1l4txpv,76
thing_t3_1l49208,97
thing_t3_1l40tho,88
thing_t3_1l4b3t7,81
thing_t3_1l3y3sd,76
thing_t3_1l2g1rh,93
thing_t3_1l2i3p2,92
thing_t3_1l21w10,86
thing_t3_1l2f2ph,89
thing_t3_1l2bmqx,95
thing_t3_1l1iud0,98
thing_t3_1l2lqs3,38
thing_t3_1l1qvz5,88
thing_t3_1l1uzi1,80
thing_t3_1l1pm5w,92
thing_t3_1l1nm9m,92
thing_t3_1l10fes,86
thing_t3_1l0wx56,75
thing_t3_1l0y4zo,66
thing_t3_1l0fa7t,89
thing_t3_1l02phw,81
thing_t3_1kz6tnh,99
thing_t3_1l0dsfl,50
thing_t3_1kz8mmn,95
thing_t3_1kzpdnv,87
thing_t3_1kzgvz0,92
thing_t3_1kzkwcg,94
thing_t3_1kzjr30,89
thing_t3_1kyr1va,81
thing_t3_1kyesak,95
thing_t3_1kydj2t,84
thing_t3_1ky9jlz,76
thing_t3_1kymajf,71
thing_t3_1kxk5m1,96
thing_t3_1kxkne5,54
thing_t3_1kw1cik,97
thing_t3_1kwd8vj,89
thing_t3_1kwh7bw,87
thing_t3_1kvzd73,93
thing_t3_1kvqn1s,96
thing_t3_1kwycfm,41
thing_t3_1kuxcok,97
thing_t3_1kv3smi,70
thing_t3_1kulk1b,92
thing_t3_1ku31vc,90
thing_t3_1ku5qsq,82
thing_t3_1kuu5g2,44
thing_t3_1ksz870,96
thing_t3_1ktaq9z,68
thing_t3_1ksvnsk,95
thing_t3_1ksev5p,96
thing_t3_1ksnwds,89
thing_t3_1ktn5xx,43
thing_t3_1ks5jo6,92
thing_t3_1krc89b,93
thing_t3_1krkxl4,87
thing_t3_1krau6q,90
thing_t3_1krl7kx,100
thing_t3_1kqkszs,98
thing_t3_1kpy8ha,98
thing_t3_1kqgxhb,63
thing_t3_1kr41wk,33
thing_t3_1kpj2cw,92
thing_t3_1kowb8p,89
thing_t3_1kp0grb,78
thing_t3_1ko8j3v,91
thing_t3_1ko8ngz,94
thing_t3_1kobhx7,90
thing_t3_1ko8lwv,83
thing_t3_1kncg7f,95
thing_t3_1ko0frr,33
thing_t3_1kn5hf3,100
thing_t3_1kmv770,71
thing_t3_1km3wa1,93
thing_t3_1klv393,94
thing_t3_1kky19i,96
thing_t3_1kl55q1,95
thing_t3_1kktdbl,94
thing_t3_1kl2ck3,85
thing_t3_1kkwjla,92
thing_t3_1kkxd78,100
thing_t3_1kjjb32,93
thing_t3_1kjuwou,70
thing_t3_1kjqlcv,88
thing_t3_1kjvita,71
thing_t3_1kj40s6,94
thing_t3_1kjca29,91
thing_t3_1ki9zo3,99
thing_t3_1kionyr,86
thing_t3_1kiubls,83
thing_t3_1khu4f8,92
thing_t3_1khic8u,98
thing_t3_1khkkv8,76
thing_t3_1ki54aw,82
thing_t3_1kgz36l,95
thing_t3_1khfhoh,90
thing_t3_1kgzki4,83
thing_t3_1kgsn61,94
thing_t3_1kgz66a,78
thing_t3_1kglzv7,86
thing_t3_1kgdevk,88
thing_t3_1kgkpr5,67
thing_t3_1kfbtob,98
thing_t3_1kfwny7,94
thing_t3_1kfb10a,54
thing_t3_1kerpax,75
thing_t3_1kdzcmj,85
thing_t3_1kcrsyn,98
thing_t3_1kdlxel,48
thing_t3_1kcrrzu,70
thing_t3_1kbps44,89
thing_t3_1kbfya2,89
thing_t3_1kanby4,97
thing_t3_1kb5xj6,76
thing_t3_1kayvx4,92
thing_t3_1kapuvz,95
thing_t3_1ka2l4q,95
thing_t3_1kapczj,82
thing_t3_1k9uwf6,98
thing_t3_1kaki1s,62
thing_t3_1k8hjp4,88
thing_t3_1k804yc,96
thing_t3_1k87wnq,94
thing_t3_1k89ohp,89
thing_t3_1k80mxy,94
thing_t3_1k7xi9g,67
thing_t3_1k6tz9y,95
thing_t3_1k6za0y,88
thing_t3_1k76c0v,58
thing_t3_1k6rj0y,88
thing_t3_1k6ppc7,94
thing_t3_1k63zii,88
thing_t3_1k60gey,84
thing_t3_1k5ikzd,86
thing_t3_1k4geso,90
thing_t3_1k4q8b8,86
thing_t3_1k4u3dp,77
thing_t3_1k4xcj2,78
thing_t3_1k3nxj7,88
thing_t3_1k3e4nb,85
thing_t3_1k32lrl,90
thing_t3_1k2z3g1,67
thing_t3_1k2y84g,88
thing_t3_1k33k6t,94
thing_t3_1k2igce,94
thing_t3_1k2u4nd,78
thing_t3_1k26kp3,94
thing_t3_1k2a8t6,98
thing_t3_1k26920,94
thing_t3_1k2ax74,96
thing_t3_1k22cd4,74
thing_t3_1k1wu9o,93
thing_t3_1k1mjok,95
thing_t3_1k1x464,87
thing_t3_1k1vo23,79
thing_t3_1k1lh3r,81
thing_t3_1k20azb,43
thing_t3_1k1ohsp,76
thing_t3_1k0zcye,93
thing_t3_1k0v0dc,78
thing_t3_1k0c459,88
thing_t3_1k0vdku,67
thing_t3_1k082ij,83
thing_t3_1jzml32,90
thing_t3_1jz0h1y,98
thing_t3_1jz4teg,94
thing_t3_1jyu503,81
thing_t3_1jyicx6,85
thing_t3_1jyloqi,82
thing_t3_1jy2pe0,82
thing_t3_1jxl18x,88
thing_t3_1jxtzs1,82
thing_t3_1jxdlfg,95
thing_t3_1jygakg,29
thing_t3_1jxk5za,62
thing_t3_1jwbevk,97
thing_t3_1jwlf3f,82
thing_t3_1jx5k15,31
thing_t3_1jwa7et,88
thing_t3_1jw7i9l,70
thing_t3_1jvrgr5,83
thing_t3_1jvlqx7,85
thing_t3_1jvcz3t,95
thing_t3_1jvav77,87
thing_t3_1juo7ue,98
thing_t3_1jvwexo,33
thing_t3_1juzclh,90
thing_t3_1jv4xqf,46
thing_t3_1jtyyc0,82
thing_t3_1jtoul7,95
thing_t3_1ju139m,85
thing_t3_1juvgek,42
thing_t3_1jti77o,90
thing_t3_1jtmrxz,63
thing_t3_1jtdrvr,75
thing_t3_1jtn8oj,47
thing_t3_1js1sgj,83
thing_t3_1js5jby,76
thing_t3_1jrz1k5,82
thing_t3_1jr1tsv,98
thing_t3_1jrdrpx,85
thing_t3_1jrr35h,70
thing_t3_1jr680q,83
thing_t3_1jqpm9u,96
thing_t3_1jqjinm,94
thing_t3_1jr4rwq,58
thing_t3_1jq3j72,90
thing_t3_1jq1lwz,92
thing_t3_1jpq0x1,92
thing_t3_1jpy5qs,82
thing_t3_1jqa0yn,50
thing_t3_1jobolz,88
thing_t3_1jo4g14,99
thing_t3_1joot5w,83
thing_t3_1jo2gxt,84
thing_t3_1jo82j8,68
thing_t3_1jnwt7l,72
thing_t3_1jnh32k,85
thing_t3_1jn9p9e,90
thing_t3_1jogiud,47
thing_t3_1jnkxza,76
thing_t3_1jma2jy,94
thing_t3_1jm4yzm,82
thing_t3_1jlnhg1,92
thing_t3_1jlu60y,85
thing_t3_1jlr7wo,90
thing_t3_1jl6otm,92
thing_t3_1jlh6ae,90
thing_t3_1jlmc8t,72
thing_t3_1jl1ldy,94
thing_t3_1jl6tt4,91
thing_t3_1jkzb3c,69
thing_t3_1jl5tjk,91
thing_t3_1jlxfhj,20
thing_t3_1jkjs7y,95
thing_t3_1jka8tt,95
thing_t3_1jkvbkv,80
thing_t3_1jkfv0p,90
thing_t3_1jl7q5h,45
thing_t3_1jkjee5,38
thing_t3_1jj82n6,94
thing_t3_1jiql82,99
thing_t3_1jk8klq,29
thing_t3_1jivc2n,78
thing_t3_1jhdo7j,97
thing_t3_1jhbqxn,85
thing_t3_1jgnzw6,96
thing_t3_1jgnhn7,87
thing_t3_1jhbvbg,47
thing_t3_1jgjuhz,69
thing_t3_1jgmsj0,89
thing_t3_1jgkdwa,89
thing_t3_1jfv15y,84
thing_t3_1jg8inp,59
thing_t3_1jftq5f,76
thing_t3_1jf8uwm,84
thing_t3_1jeg1xn,90
thing_t3_1je46q1,65
thing_t3_1jdotmw,91
thing_t3_1jddkvq,97
thing_t3_1je02lx,50
thing_t3_1jdv7ui,46
thing_t3_1jclsn8,94
thing_t3_1jcpd28,85
thing_t3_1jd2kgg,53
thing_t3_1jbqeyy,97
thing_t3_1jcnell,28
thing_t3_1jbhjmx,95
thing_t3_1jbetth,91
thing_t3_1jb0i8y,91
thing_t3_1jbdpuh,90
thing_t3_1javfus,96
thing_t3_1jally0,92
thing_t3_1jajnyq,74
thing_t3_1j8kofx,85
thing_t3_1j8g4w9,80
thing_t3_1j8iqpw,67
thing_t3_1j80r9t,89
thing_t3_1j87x92,65
thing_t3_1j7uxqq,73
thing_t3_1j7uh4f,80
thing_t3_1j7gch1,92
thing_t3_1j5t5gp,77
thing_t3_1j4v2ee,99
thing_t3_1j4wn4d,80
thing_t3_1j5hrrn,38
thing_t3_1j3hq4r,91
thing_t3_1j3etuj,99
thing_t3_1j47h7z,62
thing_t3_1j30hfs,95
thing_t3_1j3hx9m,63
thing_t3_1j39e2e,93
thing_t3_1j3hc7l,40
thing_t3_1j2fd49,95
thing_t3_1j1nr34,86
thing_t3_1j271od,60
thing_t3_1j17yok,93
thing_t3_1j1crux,85
thing_t3_1j0y4xv,96
thing_t3_1j0x07s,85
thing_t3_1j0mkfs,84
thing_t3_1j0lhyr,67
thing_t3_1izmkfd,78
thing_t3_1j00o3i,90
thing_t3_1j04aqa,82
thing_t3_1j029yl,75
thing_t3_1j0eptr,60
thing_t3_1j0291u,88
thing_t3_1j0ikva,22
thing_t3_1j0abwb,22
thing_t3_1iz6w1v,97
thing_t3_1iygj98,94
thing_t3_1izapxk,59
thing_t3_1iy3eqq,83
thing_t3_1iy6v4d,80
thing_t3_1iyn2u6,62
thing_t3_1iy5rks,94
thing_t3_1iy5ud3,75
thing_t3_1ixy90o,89
thing_t3_1ix350m,97
thing_t3_1ix4ile,95
thing_t3_1ixlnua,60
thing_t3_1ix80i6,87
thing_t3_1ixctdh,86
thing_t3_1ix7iu9,94
thing_t3_1ixd4jm,63
thing_t3_1iwemoj,79
thing_t3_1ix3ymj,41
thing_t3_1ivsl9s,80
thing_t3_1ivolsz,64
thing_t3_1ivgrnb,83
thing_t3_1iv8cbv,80
thing_t3_1iuw9ow,95
thing_t3_1iun6jy,88
thing_t3_1ivavo1,67
thing_t3_1iuf85f,86
thing_t3_1iuib2z,85
thing_t3_1iuivf9,81
thing_t3_1itn1zg,94
thing_t3_1ito4a5,69
thing_t3_1iu0skr,33
thing_t3_1it3ed9,75
thing_t3_1itpmil,42
thing_t3_1itr8ub,43
thing_t3_1isdrmn,82
thing_t3_1is21el,94
thing_t3_1isi8u2,80
thing_t3_1irq8e0,93
thing_t3_1isd4tz,62
thing_t3_1is56xt,89
thing_t3_1irs5de,92
thing_t3_1ish90u,50
thing_t3_1irr33g,94
thing_t3_1ir26jt,84
thing_t3_1irlf7b,59
thing_t3_1ir3o2h,74
thing_t3_1iq0gwj,92
thing_t3_1iq9hcp,88
thing_t3_1iq2oo0,70
thing_t3_1iqfhq5,38
thing_t3_1ios31c,95
thing_t3_1ip9y2l,50
thing_t3_1ior7cf,72
thing_t3_1ioxz48,75
thing_t3_1inytsd,95
thing_t3_1iogppw,75
thing_t3_1iobbu2,61
thing_t3_1iolgcd,14
thing_t3_1inofnb,71
thing_t3_1inl1gw,69
thing_t3_1imkowl,78
thing_t3_1imf5q9,85
thing_t3_1im9ipe,66
thing_t3_1ilb54i,98
thing_t3_1ikgq0p,78
thing_t3_1ijzgvg,89
thing_t3_1ijs9gs,63
thing_t3_1ijji6f,92
thing_t3_1ijptot,82
thing_t3_1ij5jp8,92
thing_t3_1ijfjh6,80
thing_t3_1ijfonh,75
thing_t3_1iid6zv,96
thing_t3_1iibksg,95
thing_t3_1iicldl,80
thing_t3_1ihnvjz,92
thing_t3_1ihl43y,90
thing_t3_1ii5swa,63
thing_t3_1ihsbrs,70
thing_t3_1ih7qk4,89
thing_t3_1igo4dh,91
thing_t3_1igpi6w,88
thing_t3_1igpsrg,73
thing_t3_1ifub7j,85
thing_t3_1ig62ea,53
thing_t3_1ifaenx,83
thing_t3_1ifywzo,47
thing_t3_1ievdxq,97
thing_t3_1iew0k6,89
thing_t3_1iet1j8,88
thing_t3_1iefenq,88
thing_t3_1ienwes,87
thing_t3_1iepe0h,94
thing_t3_1ieitha,86
thing_t3_1iea72c,90
thing_t3_1idyhdv,94
thing_t3_1ie7ari,85
thing_t3_1idu5it,85
thing_t3_1idtj2m,91
thing_t3_1iderhl,94
thing_t3_1idqgi8,71
thing_t3_1iea4do,25
thing_t3_1id1gn1,89
thing_t3_1icvhgh,96
thing_t3_1id8zee,48
thing_t3_1iby5om,98
thing_t3_1ic1mnm,79
thing_t3_1ibedfy,87
thing_t3_1ibkw2h,83
thing_t3_1ib33bq,94
thing_t3_1ibm1t4,74
thing_t3_1ib8lg1,97
thing_t3_1iawkau,95
thing_t3_1ia175l,96
thing_t3_1iahg6i,63
thing_t3_1i9shbm,93
thing_t3_1i9n64r,88
thing_t3_1iadfd2,38
thing_t3_1i90dzu,96
thing_t3_1i8nauq,98
thing_t3_1i98tom,77
thing_t3_1i8t59p,80
thing_t3_1i89r5d,96
thing_t3_1i8hb9n,93
thing_t3_1i9gc92,50
thing_t3_1i90imp,40
thing_t3_1i801e0,100
thing_t3_1i7b8id,86
thing_t3_1i894sd,54
thing_t3_1i7bnpd,91
thing_t3_1i7a8e0,78
thing_t3_1i7eaj9,60
thing_t3_1i6qa6u,67
thing_t3_1i658fp,60
thing_t3_1i60m31,77
thing_t3_1i5d77u,90
